time,a1m,a2m,a3m,a4m,a5m,x,y,z,cx,cy,cz
1.000000,-1.121117,0.268009,0.578532,-0.056402,0.013709,-0.077593,-0.164218,0.097041,-0.076530,0.012616,0.114411
2.000000,-1.035934,0.599988,0.461569,-1.217917,-0.076777,-0.048249,-0.083786,0.071859,#,#,#
3.002000,0.074168,0.562205,0.440223,-1.504123,-0.091184,-0.061759,0.014556,0.060827,#,#,#
4.004000,0.972067,0.419713,0.259355,-1.168848,-0.072948,-0.052225,0.110328,0.085132,#,#,#
5.006000,1.253065,-0.069573,0.112359,-0.768815,-0.052926,-0.037305,0.179953,0.056781,#,#,#
6.008000,0.880949,-0.300639,-0.065153,-0.536327,-0.041161,-0.123690,0.179302,0.056535,#,#,#
7.010000,0.493961,-0.391618,-0.248355,-0.375598,-0.039077,-0.205286,0.127710,0.083619,#,#,#
8.012000,0.217843,-0.321166,-0.322502,-0.327958,-0.036907,-0.234670,0.064223,0.121311,#,#,#
9.012000,-0.081690,0.146736,-0.153474,-0.560692,-0.042162,-0.190290,-0.007197,0.169050,#,#,#
10.012000,-0.420618,0.600009,-0.289664,-1.218705,-0.085996,-0.099577,-0.039634,0.197183,#,#,#
11.012000,-1.411546,0.598859,-0.794906,-1.637636,-0.117927,-0.009108,-0.072049,0.225664,#,#,#
12.012000,-2.184948,0.512263,-0.673348,-1.722458,-0.132220,0.056656,-0.079417,0.194272,#,#,#
13.012000,-1.466602,0.254141,-0.614096,-1.610549,-0.129756,-0.010710,-0.129945,0.167068,#,#,#
14.012000,-1.117034,-0.212093,-0.737091,-1.145901,-0.102271,-0.089702,-0.187667,0.146248,#,#,#
15.012000,-1.051451,-0.364052,-0.732418,-1.063046,-0.098366,-0.110646,-0.195804,0.118991,#,#,#
16.012000,-1.228699,-0.103262,-0.376039,-1.648843,-0.135923,-0.044584,-0.131399,0.082346,#,#,#
17.014000,-0.585188,-0.004939,-0.075314,-1.999918,-0.150223,-0.055630,-0.033996,0.070021,#,#,#
18.016000,0.643136,0.023413,-0.165463,-1.901378,-0.141928,-0.057423,0.063324,0.075849,#,#,#
19.018000,1.169336,-0.119744,-0.436171,-1.492679,-0.117147,-0.043876,0.154945,0.092512,#,#,#
20.020000,1.084695,-0.529399,-0.563041,-1.096970,-0.098350,-0.083194,0.200228,0.050406,#,#,#
21.022000,0.672088,-0.494384,-0.636551,-1.026340,-0.097851,-0.165136,0.152981,0.074630,#,#,#
22.024000,0.339985,-0.685344,-0.875996,-0.663152,-0.082528,-0.246436,0.101379,0.101154,#,#,#
23.026000,0.064670,-0.278777,-0.764424,-0.986456,-0.097346,-0.216423,0.024206,0.151352,#,#,#
24.028000,-0.210023,0.175853,-0.674783,-1.359537,-0.115350,-0.143776,-0.023666,0.187637,#,#,#
25.030000,-0.823604,0.580078,-0.692581,-1.591406,-0.124014,-0.053293,-0.056651,0.215934,#,#,#
26.032000,-1.940097,0.514684,-0.838130,-1.497656,-0.125718,0.035472,-0.086490,0.239641,#,#,#
27.034000,-1.806608,0.434195,-0.627728,-1.710661,-0.144436,0.027253,-0.102092,0.181485,#,#,#
28.036000,-1.244390,0.035471,-0.662769,-1.384419,-0.127117,-0.051762,-0.159956,0.160243,#,#,#
29.038000,-1.025231,-0.510453,-0.895441,-0.790463,-0.088640,-0.130929,-0.217773,0.139303,#,#,#
30.040000,-1.126620,-0.175135,-0.545585,-1.388908,-0.130112,-0.075528,-0.162322,0.103677,#,#,#
31.042000,-1.014422,0.003216,-0.233226,-1.892778,-0.157615,-0.048983,-0.080901,0.079544,#,#,#
32.044000,0.118617,0.024346,-0.040694,-1.961611,-0.157023,-0.061713,0.017844,0.068612,#,#,#
33.044000,0.987739,0.031565,-0.329686,-1.692316,-0.138362,-0.051902,0.113390,0.094159,#,#,#
34.044000,1.242571,-0.328442,-0.446496,-1.315646,-0.119455,-0.039831,0.181252,0.064198,#,#,#
35.044000,0.869192,-0.478168,-0.575765,-1.072735,-0.107176,-0.125933,0.177831,0.065145,#,#,#
36.044000,0.485438,-0.540081,-0.729238,-0.868446,-0.103088,-0.207427,0.126390,0.092338,#,#,#
37.044000,0.211422,-0.456503,-0.798994,-0.827500,-0.101490,-0.233872,0.062362,0.130503,#,#,#
38.044000,-0.086157,-0.067305,-0.728756,-1.113590,-0.111392,-0.188170,-0.007945,0.177663,#,#,#
39.044000,-0.434052,0.418849,-0.664827,-1.492631,-0.130656,-0.097603,-0.040497,0.205958,#,#,#
40.044000,-1.441431,0.597038,-0.815623,-1.578664,-0.134640,-0.006942,-0.072742,0.234355,#,#,#
41.044000,-2.191038,0.521108,-0.686365,-1.684717,-0.152918,0.057299,-0.079306,0.200252,#,#,#
42.044000,-1.453466,0.263218,-0.634593,-1.569581,-0.148773,-0.012598,-0.131339,0.174569,#,#,#
43.044000,-1.111896,-0.208842,-0.756568,-1.107966,-0.121279,-0.091605,-0.189073,0.153743,#,#,#
44.044000,-1.054189,-0.333070,-0.733461,-1.062941,-0.120003,-0.109032,-0.194273,0.126124,#,#,#
45.044000,-1.228670,-0.054087,-0.381822,-1.656008,-0.158352,-0.043863,-0.129504,0.089769,#,#,#
46.044000,-0.558253,0.086930,-0.088215,-2.000036,-0.173858,-0.055919,-0.031824,0.077801,#,#,#
47.044000,0.660767,0.102096,-0.180011,-1.883197,-0.161094,-0.057244,0.065250,0.084344,#,#,#
48.044000,1.175636,-0.079642,-0.428209,-1.463005,-0.134540,-0.043203,0.155985,0.099293,#,#,#
49.044000,1.079731,-0.490289,-0.551123,-1.076689,-0.116781,-0.084580,0.200478,0.058257,#,#,#
50.044000,0.666742,-0.458081,-0.626839,-1.002460,-0.116488,-0.166283,0.152277,0.083074,#,#,#
51.044000,0.336912,-0.663743,-0.872756,-0.631332,-0.100753,-0.247073,0.100686,0.109533,#,#,#
52.044000,0.061432,-0.255303,-0.761433,-0.947607,-0.114684,-0.216076,0.023428,0.159872,#,#,#
53.044000,-0.212503,0.199511,-0.673255,-1.309736,-0.132118,-0.143057,-0.023924,0.195879,#,#,#
54.044000,-0.829578,0.591581,-0.697360,-1.528721,-0.140392,-0.052769,-0.056861,0.224112,#,#,#
55.044000,-1.942287,0.511373,-0.853238,-1.440639,-0.143918,0.035702,-0.086491,0.247446,#,#,#
56.044000,-1.804700,0.450761,-0.646189,-1.667634,-0.164934,0.027098,-0.102188,0.189440,#,#,#
57.044000,-1.244303,0.053696,-0.677193,-1.353895,-0.147838,-0.051762,-0.159974,0.168236,#,#,#
58.044000,-1.025456,-0.497382,-0.906637,-0.764783,-0.109680,-0.130799,-0.217698,0.147347,#,#,#
59.044000,-1.125762,-0.144179,-0.555802,-1.371756,-0.151989,-0.075808,-0.162594,0.111849,#,#,#
60.044000,-1.017960,0.064977,-0.254262,-1.886967,-0.180228,-0.048904,-0.081510,0.087650,#,#,#
61.044000,0.108632,0.112381,-0.058805,-1.963516,-0.179169,-0.061710,0.017058,0.076600,#,#,#
62.044000,0.984045,0.088240,-0.328946,-1.673957,-0.156401,-0.051994,0.112626,0.101911,#,#,#
63.044000,1.245623,-0.279698,-0.436739,-1.304813,-0.137867,-0.039141,0.180942,0.072378,#,#,#
64.044000,0.872689,-0.440228,-0.565930,-1.057799,-0.125788,-0.125296,0.178273,0.072912,#,#,#
65.046000,0.487503,-0.510254,-0.721977,-0.848116,-0.121649,-0.206954,0.126716,0.100171,#,#,#
66.048000,0.212590,-0.438646,-0.799133,-0.793319,-0.119204,-0.234034,0.062687,0.138306,#,#,#
67.050000,-0.085682,-0.052753,-0.731549,-1.067308,-0.128362,-0.188369,-0.007880,0.185619,#,#,#
68.052000,-0.433856,0.432598,-0.668664,-1.435024,-0.146873,-0.097629,-0.040502,0.213945,#,#,#
69.054000,-1.443564,0.595921,-0.828833,-1.518211,-0.152119,-0.006769,-0.072788,0.242411,#,#,#
70.056000,-2.191752,0.531755,-0.700118,-1.634868,-0.172957,0.057456,-0.079366,0.207865,#,#,#
71.058000,-1.450128,0.279700,-0.649261,-1.528335,-0.168637,-0.013066,-0.131693,0.182465,#,#,#
72.060000,-1.110154,-0.197079,-0.768340,-1.072987,-0.141435,-0.092242,-0.189555,0.161571,#,#,#
73.062000,-1.055273,-0.307213,-0.736222,-1.046842,-0.141543,-0.108369,-0.193646,0.133772,#,#,#
74.064000,-1.227829,-0.004567,-0.387681,-1.649927,-0.180859,-0.043597,-0.128526,0.097532,#,#,#
75.066000,-0.540683,0.169471,-0.111379,-2.000035,-0.195551,-0.056127,-0.030460,0.085677,#,#,#
76.068000,0.674630,0.172063,-0.199853,-1.866850,-0.178690,-0.057054,0.066752,0.092921,#,#,#
77.070000,1.181925,-0.045935,-0.427942,-1.438368,-0.150818,-0.042512,0.156994,0.106026,#,#,#
78.072000,1.073173,-0.455694,-0.547096,-1.060570,-0.134117,-0.086300,0.200579,0.066183,#,#,#
79.074000,0.658340,-0.427641,-0.626363,-0.980743,-0.133921,-0.168086,0.151164,0.091674,#,#,#
80.076000,0.330858,-0.646157,-0.878028,-0.601776,-0.117731,-0.248010,0.099213,0.118352,#,#,#
81.078000,0.052832,-0.232434,-0.766644,-0.915428,-0.130790,-0.215152,0.021394,0.169208,#,#,#
82.080000,-0.221649,0.225788,-0.679223,-1.271554,-0.148084,-0.140530,-0.024838,0.204696,#,#,#
83.082000,-0.860962,0.597365,-0.718024,-1.475826,-0.156107,-0.050070,-0.057861,0.232981,#,#,#
84.084000,-1.960713,0.509369,-0.857042,-1.387617,-0.160683,0.037463,-0.086387,0.253535,#,#,#
85.086000,-1.775173,0.458380,-0.657649,-1.614344,-0.182806,0.024416,-0.104130,0.196741,#,#,#
86.088000,-1.232633,0.055010,-0.690862,-1.300619,-0.165279,-0.054607,-0.162071,0.175482,#,#,#
87.090000,-1.021328,-0.504280,-0.924382,-0.712149,-0.127240,-0.132992,-0.219200,0.154430,#,#,#
88.092000,-1.132890,-0.098842,-0.546501,-1.374276,-0.173251,-0.073135,-0.160047,0.118397,#,#,#
89.094000,-0.990504,0.135558,-0.259823,-1.892586,-0.200838,-0.049492,-0.077391,0.095203,#,#,#
90.096000,0.164677,0.189841,-0.090368,-1.958600,-0.196150,-0.061785,0.021326,0.084830,#,#,#
91.098000,1.005485,0.125212,-0.350793,-1.632676,-0.169324,-0.051523,0.117034,0.111107,#,#,#
92.100000,1.227614,-0.256424,-0.444938,-1.274674,-0.152001,-0.043443,0.182923,0.079368,#,#,#
93.102000,0.851618,-0.404595,-0.568390,-1.044193,-0.141157,-0.129355,0.175699,0.082173,#,#,#
94.104000,0.471195,-0.497686,-0.736584,-0.810109,-0.135970,-0.211060,0.124166,0.109477,#,#,#
95.106000,0.198893,-0.402447,-0.800697,-0.780925,-0.134306,-0.232264,0.058774,0.148867,#,#,#
96.108000,-0.095428,-0.014886,-0.733891,-1.051472,-0.143584,-0.183745,-0.009412,0.195035,#,#,#
97.110000,-0.463726,0.458458,-0.681811,-1.392128,-0.160114,-0.093167,-0.042168,0.223297,#,#,#
98.112000,-1.505153,0.589689,-0.841371,-1.442086,-0.165153,-0.002270,-0.074348,0.251844,#,#,#
99.114000,-2.193765,0.541394,-0.696533,-1.592686,-0.190267,0.057949,-0.079588,0.212415,#,#,#
100.116000,-1.424038,0.278212,-0.659112,-1.466996,-0.182932,-0.017008,-0.134597,0.189373,#,#,#
101.118000,-1.099868,-0.208835,-0.785565,-1.007437,-0.155332,-0.096204,-0.192465,0.168524,#,#,#
102.120000,-1.061198,-0.262527,-0.718840,-1.053333,-0.160359,-0.105022,-0.190466,0.139950,#,#,#
103.122000,-1.220197,0.057262,-0.379100,-1.656715,-0.199611,-0.043061,-0.124157,0.104647,#,#,#
104.124000,-0.477159,0.248262,-0.131686,-2.000031,-0.210825,-0.056813,-0.025534,0.093135,#,#,#
105.126000,0.715930,0.228735,-0.234409,-1.838940,-0.189779,-0.056488,0.071486,0.102407,#,#,#
106.128000,1.199074,-0.032686,-0.432824,-1.413198,-0.162224,-0.040523,0.159692,0.110319,#,#,#
107.130000,1.055014,-0.426175,-0.552728,-1.046439,-0.146639,-0.090535,0.199849,0.074527,#,#,#
108.132000,0.639293,-0.405351,-0.638443,-0.956265,-0.146319,-0.172180,0.148616,0.100972,#,#,#
109.134000,0.318682,-0.624947,-0.887998,-0.581399,-0.129772,-0.248721,0.095865,0.128259,#,#,#
110.136000,0.035964,-0.208369,-0.780299,-0.890319,-0.141849,-0.213362,0.017474,0.179766,#,#,#
111.138000,-0.238811,0.255414,-0.692904,-1.244778,-0.159329,-0.136015,-0.026472,0.214147,#,#,#
112.140000,-0.915455,0.599387,-0.746901,-1.425611,-0.166523,-0.045556,-0.059519,0.242421,#,#,#
113.142000,-1.987563,0.512164,-0.848746,-1.342236,-0.171961,0.039926,-0.085965,0.257697,#,#,#
114.144000,-1.733590,0.461147,-0.662766,-1.553307,-0.193604,0.020490,-0.106995,0.203714,#,#,#
115.146000,-1.217134,0.049260,-0.701347,-1.235184,-0.175714,-0.058560,-0.164976,0.182437,#,#,#
116.148000,-1.019087,-0.500200,-0.930209,-0.670054,-0.139440,-0.133954,-0.219589,0.161068,#,#,#
117.150000,-1.142268,-0.047878,-0.529455,-1.376846,-0.188304,-0.069790,-0.156858,0.124576,#,#,#
118.152000,-0.955693,0.211398,-0.261367,-1.893279,-0.214643,-0.050189,-0.072481,0.102666,#,#,#
119.154000,0.226757,0.257989,-0.130889,-1.953525,-0.205772,-0.061592,0.026141,0.093544,#,#,#
120.156000,1.027472,0.150227,-0.380279,-1.592076,-0.175887,-0.051010,0.121829,0.120416,#,#,#
121.158000,1.208481,-0.240207,-0.461375,-1.247967,-0.160142,-0.048124,0.184946,0.086387,#,#,#
122.160000,0.830652,-0.375036,-0.579510,-1.033400,-0.150501,-0.133452,0.173167,0.091462,#,#,#
123.162000,0.455171,-0.491649,-0.759608,-0.774368,-0.144009,-0.215169,0.121616,0.118784,#,#,#
124.164000,0.184890,-0.372190,-0.810941,-0.770459,-0.143025,-0.230496,0.054860,0.159427,#,#,#
125.166000,-0.105733,0.016845,-0.745038,-1.038569,-0.152525,-0.179132,-0.010957,0.204444,#,#,#
126.168000,-0.495545,0.475753,-0.703732,-1.352305,-0.167019,-0.088689,-0.043832,0.232701,#,#,#
127.170000,-1.565206,0.580637,-0.848644,-1.359039,-0.170542,0.002224,-0.075966,0.261280,#,#,#
128.172000,-2.176583,0.551929,-0.690848,-1.540953,-0.197566,0.056970,-0.080788,0.217953,#,#,#
129.172000,-1.400292,0.277324,-0.663471,-1.400713,-0.189372,-0.020795,-0.137388,0.196338,#,#,#
130.172000,-1.090791,-0.219775,-0.798524,-0.937995,-0.161577,-0.099851,-0.195146,0.175560,#,#,#
131.172000,-1.066604,-0.218964,-0.699680,-1.049826,-0.171133,-0.102091,-0.187681,0.146350,#,#,#
132.172000,-1.208766,0.121198,-0.369591,-1.652347,-0.210137,-0.043193,-0.120245,0.112095,#,#,#
133.172000,-0.424761,0.315197,-0.162514,-2.000037,-0.218594,-0.057387,-0.021611,0.100712,#,#,#
134.172000,0.745665,0.272340,-0.270494,-1.815374,-0.194759,-0.056092,0.075110,0.111421,#,#,#
135.172000,1.211196,-0.018649,-0.445648,-1.396813,-0.167952,-0.039068,0.161587,0.115577,#,#,#
136.172000,1.041579,-0.396719,-0.562781,-1.042864,-0.153261,-0.093374,0.198739,0.083028,#,#,#
137.172000,0.627249,-0.387025,-0.655465,-0.939406,-0.152731,-0.174808,0.146995,0.109791,#,#,#
138.172000,0.311606,-0.606249,-0.902063,-0.568119,-0.135772,-0.248503,0.093722,0.137636,#,#,#
139.172000,0.026394,-0.197192,-0.802065,-0.864334,-0.146802,-0.212376,0.015282,0.189126,#,#,#
140.172000,-0.248099,0.266761,-0.716067,-1.213656,-0.164056,-0.133669,-0.027320,0.222902,#,#,#
141.172000,-0.942404,0.598267,-0.762753,-1.365265,-0.169423,-0.043400,-0.060320,0.251106,#,#,#
142.172000,-1.998902,0.514074,-0.842084,-1.281115,-0.174984,0.040930,-0.085697,0.263806,#,#,#
143.172000,-1.717546,0.472679,-0.662438,-1.490736,-0.196771,0.018925,-0.108131,0.211301,#,#,#
144.172000,-1.211743,0.058956,-0.702636,-1.178321,-0.179452,-0.059984,-0.166034,0.190056,#,#,#
145.172000,-1.019022,-0.488619,-0.930580,-0.629144,-0.144315,-0.133846,-0.219380,0.168605,#,#,#
146.172000,-1.144945,-0.006152,-0.519316,-1.351356,-0.194390,-0.068858,-0.155971,0.132085,#,#,#
147.172000,-0.946948,0.283697,-0.266920,-1.869705,-0.220539,-0.050354,-0.071307,0.110570,#,#,#
148.172000,0.238972,0.314682,-0.171241,-1.953754,-0.210868,-0.061529,0.027093,0.101751,#,#,#
149.172000,1.030866,0.177618,-0.405630,-1.576363,-0.179313,-0.050937,0.122601,0.128610,#,#,#
150.172000,1.206268,-0.213212,-0.477159,-1.244811,-0.164473,-0.048688,0.185204,0.094263,#,#,#
151.172000,0.829035,-0.351298,-0.594042,-1.030314,-0.155097,-0.133809,0.173009,0.099556,#,#,#
152.172000,0.454580,-0.478062,-0.776896,-0.761897,-0.148071,-0.215354,0.121533,0.126831,#,#,#
153.172000,0.184930,-0.367577,-0.833840,-0.747740,-0.146209,-0.230514,0.054870,0.167431,#,#,#
154.172000,-0.105270,0.014142,-0.772120,-1.004583,-0.155160,-0.179327,-0.010892,0.212397,#,#,#
155.172000,-0.492834,0.465986,-0.732179,-1.308514,-0.168785,-0.089081,-0.043708,0.240589,#,#,#
156.172000,-1.557979,0.579473,-0.844760,-1.283625,-0.169846,0.001675,-0.075778,0.269114,#,#,#
157.172000,-2.180686,0.564942,-0.688030,-1.472239,-0.197803,0.057350,-0.080692,0.226165,#,#,#
158.172000,-1.404198,0.300324,-0.659546,-1.345848,-0.190586,-0.020160,-0.136941,0.204505,#,#,#
159.172000,-1.092349,-0.200010,-0.793671,-0.893798,-0.163750,-0.099225,-0.194706,0.183724,#,#,#
160.172000,-1.065569,-0.198113,-0.695733,-1.002946,-0.173303,-0.102635,-0.188201,0.154659,#,#,#
161.172000,-1.211196,0.172329,-0.366252,-1.613578,-0.213054,-0.043137,-0.121012,0.120230,#,#,#
162.172000,-0.435543,0.378664,-0.198864,-1.990244,-0.221548,-0.057248,-0.022409,0.108842,#,#,#
163.172000,0.739471,0.314833,-0.298037,-1.809016,-0.196400,-0.056187,0.074346,0.119180,#,#,#
164.172000,1.208498,0.011269,-0.465612,-1.389159,-0.169099,-0.039393,0.161154,0.124201,#,#,#
165.172000,1.044867,-0.370810,-0.574649,-1.042469,-0.155107,-0.092715,0.199066,0.090893,#,#,#
166.172000,0.630309,-0.367144,-0.669413,-0.933684,-0.154496,-0.174171,0.147428,0.117567,#,#,#
167.172000,0.313517,-0.603818,-0.924071,-0.545260,-0.136298,-0.248642,0.094323,0.145246,#,#,#
168.172000,0.029185,-0.200096,-0.827785,-0.833690,-0.146817,-0.212692,0.015918,0.196659,#,#,#
169.172000,-0.245162,0.258148,-0.744379,-1.172878,-0.163415,-0.134400,-0.027054,0.230674,#,#,#
170.172000,-0.933177,0.588640,-0.777513,-1.308632,-0.167521,-0.044155,-0.060074,0.258592,#,#,#
171.172000,-1.994768,0.510772,-0.839826,-1.197807,-0.171580,0.040570,-0.085816,0.272512,#,#,#
172.172000,-1.724043,0.492698,-0.655968,-1.425281,-0.194718,0.019558,-0.107651,0.219464,#,#,#
173.172000,-1.214162,0.081677,-0.694946,-1.126138,-0.178631,-0.059354,-0.165592,0.198216,#,#,#
174.172000,-1.019029,-0.482512,-0.933278,-0.574061,-0.143427,-0.133954,-0.219562,0.176834,#,#,#
175.172000,-1.143353,0.029069,-0.510577,-1.304999,-0.194331,-0.069402,-0.156491,0.140407,#,#,#
176.172000,-0.952819,0.352733,-0.269423,-1.828359,-0.221012,-0.050237,-0.072098,0.118705,#,#,#
177.172000,0.229085,0.382841,-0.194083,-1.937220,-0.210593,-0.061578,0.026315,0.109622,#,#,#
178.172000,1.027415,0.218429,-0.409436,-1.550991,-0.178124,-0.051030,0.121840,0.136375,#,#,#
179.172000,1.209332,-0.173561,-0.474085,-1.230384,-0.163805,-0.047935,0.184903,0.102409,#,#,#
180.172000,0.832427,-0.321750,-0.591910,-1.011842,-0.154424,-0.133187,0.173465,0.107339,#,#,#
181.172000,0.457157,-0.457653,-0.777614,-0.738289,-0.147072,-0.214721,0.121963,0.134614,#,#,#
182.172000,0.187216,-0.362597,-0.843630,-0.706858,-0.143958,-0.230815,0.055508,0.175024,#,#,#
183.172000,-0.103571,0.013175,-0.783715,-0.951039,-0.152240,-0.180075,-0.010640,0.220179,#,#,#
184.172000,-0.487602,0.461766,-0.741770,-1.247391,-0.164998,-0.089832,-0.043452,0.248362,#,#,#
185.172000,-1.548397,0.578122,-0.835890,-1.202615,-0.165257,0.000946,-0.075527,0.276903,#,#,#
186.172000,-2.184332,0.578074,-0.679278,-1.397001,-0.193804,0.057626,-0.080531,0.234467,#,#,#
187.172000,-1.408178,0.323139,-0.649892,-1.283914,-0.187747,-0.019524,-0.136495,0.212669,#,#,#
188.172000,-1.093940,-0.180866,-0.785080,-0.842759,-0.161945,-0.098599,-0.194268,0.191888,#,#,#
189.172000,-1.064565,-0.177891,-0.687749,-0.949212,-0.171497,-0.103178,-0.188719,0.162966,#,#,#
190.172000,-1.213555,0.223582,-0.356938,-1.566747,-0.211878,-0.043094,-0.121774,0.128368,#,#,#
191.172000,-0.446217,0.464382,-0.208341,-1.948983,-0.220631,-0.057126,-0.023203,0.116980,#,#,#
192.172000,0.733168,0.382018,-0.290995,-1.767422,-0.194988,-0.056287,0.073586,0.126920,#,#,#
193.172000,1.205771,0.058812,-0.450395,-1.346930,-0.167354,-0.039720,0.160724,0.132821,#,#,#
194.172000,1.048101,-0.331066,-0.554092,-1.009715,-0.154069,-0.092053,0.199371,0.098754,#,#,#
195.172000,0.633363,-0.335041,-0.651939,-0.896444,-0.153394,-0.173534,0.147861,0.125340,#,#,#
196.172000,0.315426,-0.594434,-0.921464,-0.494728,-0.134252,-0.248752,0.094918,0.152870,#,#,#
197.172000,0.031954,-0.192187,-0.822300,-0.771761,-0.143984,-0.212999,0.016555,0.204237,#,#,#
198.172000,-0.242277,0.264631,-0.735557,-1.098714,-0.159729,-0.135127,-0.026788,0.238446,#,#,#
199.172000,-0.924107,0.589121,-0.766395,-1.227055,-0.163233,-0.044916,-0.059843,0.266322,#,#,#
200.172000,-1.990651,0.506101,-0.833179,-1.107478,-0.167059,0.040209,-0.085932,0.281204,#,#,#
201.172000,-1.730604,0.512349,-0.643302,-1.352540,-0.191449,0.020191,-0.107172,0.227628,#,#,#
202.172000,-1.216607,0.104085,-0.682326,-1.066429,-0.176621,-0.058724,-0.165152,0.206377,#,#,#
203.172000,-1.019083,-0.478727,-0.934751,-0.511891,-0.141385,-0.134020,-0.219697,0.185062,#,#,#
204.172000,-1.141784,0.064224,-0.496422,-1.250773,-0.193055,-0.069945,-0.157010,0.148727,#,#,#
205.172000,-0.958647,0.420967,-0.264524,-1.777374,-0.220136,-0.050117,-0.072885,0.126839,#,#,#
206.172000,0.219159,0.466618,-0.195413,-1.895297,-0.210338,-0.061641,0.025540,0.117470,#,#,#
207.172000,1.023933,0.270773,-0.390664,-1.502602,-0.177170,-0.051125,0.121080,0.144134,#,#,#
208.172000,1.212415,-0.124415,-0.450033,-1.193471,-0.163286,-0.047182,0.184602,0.110553,#,#,#
209.172000,0.835823,-0.284570,-0.570083,-0.972103,-0.153988,-0.132560,0.173917,0.115151,#,#,#
210.172000,0.459744,-0.432128,-0.761144,-0.694958,-0.146431,-0.214089,0.122393,0.142395,#,#,#
211.172000,0.189496,-0.353400,-0.836664,-0.646050,-0.142050,-0.231115,0.056145,0.182617,#,#,#
212.172000,-0.101886,0.018202,-0.775269,-0.876164,-0.149619,-0.180823,-0.010388,0.227960,#,#,#
213.172000,-0.482417,0.466165,-0.727968,-1.164466,-0.161473,-0.090577,-0.043192,0.256142,#,#,#
214.172000,-1.538745,0.576394,-0.821543,-1.114045,-0.161677,0.000217,-0.075283,0.284676,#,#,#
215.172000,-2.187453,0.591400,-0.663870,-1.313676,-0.190849,0.057813,-0.080326,0.242837,#,#,#
216.172000,-1.412173,0.345929,-0.633760,-1.213454,-0.185820,-0.018891,-0.136057,0.220827,#,#,#
217.172000,-1.095535,-0.162473,-0.772384,-0.783543,-0.161078,-0.097975,-0.193830,0.200053,#,#,#
218.172000,-1.063561,-0.158347,-0.675233,-0.887257,-0.170626,-0.103720,-0.189236,0.171271,#,#,#
219.172000,-1.215762,0.275299,-0.340502,-1.510451,-0.211514,-0.043065,-0.122527,0.136508,#,#,#
220.172000,-0.456818,0.548924,-0.208204,-1.895663,-0.220392,-0.056998,-0.023993,0.125116,#,#,#
221.172000,0.726825,0.449971,-0.276612,-1.715956,-0.194804,-0.056384,0.072823,0.134669,#,#,#
222.172000,1.203044,0.106821,-0.429273,-1.295536,-0.166878,-0.040047,0.160295,0.141438,#,#,#
223.172000,1.051300,-0.290483,-0.528562,-0.968983,-0.154258,-0.091390,0.199655,0.106612,#,#,#
224.172000,0.636430,-0.302763,-0.630089,-0.851473,-0.153528,-0.172897,0.148294,0.133113,#,#,#
225.172000,0.317349,-0.587255,-0.917777,-0.436967,-0.133507,-0.248833,0.095508,0.160505,#,#,#
226.172000,0.034722,-0.185771,-0.813746,-0.701934,-0.142458,-0.213305,0.017191,0.211821,#,#,#
227.172000,-0.239408,0.270470,-0.721556,-1.016510,-0.157375,-0.135853,-0.026522,0.246214,#,#,#
228.172000,-0.915072,0.589340,-0.749547,-1.137623,-0.160387,-0.045681,-0.059616,0.274056,#,#,#
229.172000,-1.986472,0.500101,-0.821430,-1.008293,-0.163976,0.039844,-0.086048,0.289883,#,#,#
230.172000,-1.737193,0.531669,-0.624099,-1.271519,-0.189665,0.020824,-0.106695,0.235794,#,#,#
231.172000,-1.219059,0.126034,-0.664538,-0.998288,-0.176031,-0.058095,-0.164713,0.214537,#,#,#
232.172000,-1.019198,-0.478204,-0.935932,-0.441718,-0.140803,-0.134038,-0.219795,0.193283,#,#,#
233.172000,-1.140214,0.099258,-0.476415,-1.187776,-0.193166,-0.070488,-0.157529,0.157046,#,#,#
234.172000,-0.964383,0.488489,-0.251259,-1.716081,-0.220467,-0.049995,-0.073668,0.134969,#,#,#
235.172000,0.209217,0.550179,-0.188142,-1.842031,-0.211169,-0.061695,0.024764,0.125332,#,#,#
236.172000,1.020433,0.323246,-0.366401,-1.446119,-0.177498,-0.051220,0.120322,0.151892,#,#,#
237.172000,1.215520,-0.074809,-0.421695,-1.148782,-0.163937,-0.046430,0.184301,0.118699,#,#,#
238.172000,0.839229,-0.247304,-0.544561,-0.925237,-0.154780,-0.131924,0.174360,0.123000,#,#,#
239.172000,0.462343,-0.407687,-0.742331,-0.644935,-0.147066,-0.213458,0.122825,0.150177,#,#,#
240.172000,0.191774,-0.346598,-0.828548,-0.578319,-0.141418,-0.231414,0.056782,0.190209,#,#,#
241.172000,-0.100210,0.021087,-0.764366,-0.793957,-0.148323,-0.181572,-0.010138,0.235738,#,#,#
242.172000,-0.477268,0.469459,-0.709880,-1.074336,-0.159337,-0.091312,-0.042927,0.263936,#,#,#
243.172000,-1.529019,0.574241,-0.801146,-1.016262,-0.159517,-0.000513,-0.075042,0.292451,#,#,#
244.172000,-2.190011,0.599259,-0.651911,-1.230077,-0.190246,0.057957,-0.080146,0.251232,#,#,#
245.172000,-1.416184,0.362562,-0.623495,-1.144700,-0.186184,-0.018256,-0.135617,0.228983,#,#,#
246.172000,-1.097129,-0.149368,-0.766255,-0.725303,-0.162407,-0.097350,-0.193394,0.208220,#,#,#
247.172000,-1.062550,-0.144307,-0.669103,-0.826643,-0.171983,-0.104261,-0.189751,0.179571,#,#,#
248.172000,-1.217790,0.319596,-0.328746,-1.455292,-0.213357,-0.043051,-0.123272,0.144650,#,#,#
249.172000,-0.467189,0.599775,-0.228384,-1.863287,-0.222224,-0.056796,-0.024735,0.132827,#,#,#
250.172000,0.720453,0.486907,-0.295900,-1.692450,-0.196703,-0.056481,0.072059,0.142434,#,#,#
251.172000,1.200323,0.132582,-0.443800,-1.272798,-0.168489,-0.040374,0.159866,0.150056,#,#,#
252.172000,1.054464,-0.266166,-0.536126,-0.956471,-0.156360,-0.090727,0.199917,0.114480,#,#,#
253.172000,0.639512,-0.285589,-0.640481,-0.833587,-0.155542,-0.172261,0.148728,0.140892,#,#,#
254.172000,0.319286,-0.592236,-0.941896,-0.400306,-0.134110,-0.248886,0.096092,0.168151,#,#,#
255.172000,0.037490,-0.195063,-0.838294,-0.657659,-0.142705,-0.213631,0.017828,0.219349,#,#,#
256.172000,-0.236544,0.256506,-0.745591,-0.963566,-0.157188,-0.136585,-0.026257,0.253981,#,#,#
257.172000,-0.906063,0.568196,-0.772781,-1.078227,-0.159852,-0.046448,-0.059390,0.281800,#,#,#
258.172000,-1.982207,0.475080,-0.844744,-0.933006,-0.163240,0.039474,-0.086165,0.298548,#,#,#
259.172000,-1.743794,0.530942,-0.637987,-1.215909,-0.190469,0.021457,-0.106217,0.243962,#,#,#
260.172000,-1.221513,0.131377,-0.677924,-0.954125,-0.177795,-0.057464,-0.164272,0.222704,#,#,#
261.172000,-1.019398,-0.490378,-0.963376,-0.388453,-0.141902,-0.134002,-0.219852,0.201505,#,#,#
262.172000,-1.138635,0.115427,-0.487525,-1.149794,-0.195719,-0.071033,-0.158050,0.165359,#,#,#
263.172000,-0.970005,0.526168,-0.266708,-1.678957,-0.223111,-0.049877,-0.074455,0.143089,#,#,#
264.172000,0.199286,0.556436,-0.255701,-1.857509,-0.214221,-0.061742,0.023985,0.133214,#,#,#
265.172000,1.016926,0.321615,-0.426540,-1.462510,-0.180210,-0.051314,0.119562,0.159675,#,#,#
266.172000,1.218650,-0.067935,-0.474332,-1.175880,-0.166760,-0.045680,0.184002,0.126866,#,#,#
267.172000,0.842649,-0.245099,-0.595220,-0.947390,-0.157559,-0.131290,0.174805,0.130842,#,#,#
268.172000,0.464957,-0.410591,-0.791680,-0.657187,-0.149164,-0.212828,0.123257,0.157966,#,#,#
269.172000,0.194050,-0.367544,-0.889092,-0.570872,-0.142104,-0.231717,0.057420,0.197797,#,#,#
270.172000,-0.098538,-0.011183,-0.833172,-0.778928,-0.148908,-0.182329,-0.009889,0.243513,#,#,#
271.172000,-0.472143,0.428934,-0.781819,-1.057827,-0.159776,-0.092080,-0.042678,0.271696,#,#,#
272.172000,-1.519206,0.529815,-0.870054,-0.988423,-0.159933,-0.001242,-0.074791,0.300237,#,#,#
273.172000,-2.192057,0.569846,-0.709956,-1.202818,-0.191401,0.058060,-0.079984,0.259657,#,#,#
274.172000,-1.420215,0.346592,-0.676068,-1.127567,-0.188006,-0.017618,-0.135160,0.237178,#,#,#
275.172000,-1.098728,-0.159628,-0.813562,-0.712193,-0.164561,-0.096726,-0.192959,0.216395,#,#,#
276.172000,-1.061538,-0.155258,-0.717684,-0.813197,-0.174366,-0.104803,-0.190267,0.187867,#,#,#
277.172000,-1.219639,0.321918,-0.378227,-1.453043,-0.216783,-0.043058,-0.124017,0.152785,#,#,#
278.172000,-0.477551,0.600014,-0.300348,-1.874344,-0.225431,-0.056655,-0.025514,0.140925,#,#,#
279.172000,0.714040,0.483907,-0.364626,-1.710749,-0.199866,-0.056574,0.071293,0.150216,#,#,#
280.172000,1.197603,0.129313,-0.508491,-1.291746,-0.171322,-0.040701,0.159437,0.158675,#,#,#
281.172000,1.057587,-0.263627,-0.589828,-0.984466,-0.159499,-0.090063,0.200153,0.122372,#,#,#
282.172000,0.642607,-0.288287,-0.695315,-0.854306,-0.158521,-0.171626,0.149163,0.148679,#,#,#
283.172000,0.321234,-0.611903,-1.001581,-0.391925,-0.134715,-0.248905,0.096669,0.175820,#,#,#
284.172000,0.040253,-0.223753,-0.906467,-0.648519,-0.143568,-0.214003,0.018467,0.226776,#,#,#
285.172000,-0.233695,0.217771,-0.821610,-0.951820,-0.158219,-0.137321,-0.025993,0.261744,#,#,#
286.172000,-0.897096,0.520113,-0.851281,-1.061151,-0.160685,-0.047214,-0.059161,0.289558,#,#,#
287.172000,-1.977902,0.421448,-0.927868,-0.901686,-0.163889,0.039101,-0.086278,0.307201,#,#,#
288.172000,-1.750414,0.496704,-0.715678,-1.211843,-0.193425,0.022090,-0.105736,0.252133,#,#,#
289.172000,-1.223969,0.108894,-0.750062,-0.958634,-0.181354,-0.056833,-0.163830,0.230882,#,#,#
